<?xml version="1.0" encoding="UTF-8"?>
<configurationDescriptor version="100">
  <logicalFolder name="root" displayName="root" projectFiles="true" kind="ROOT">
    <logicalFolder name="HeaderFiles"
                   displayName="Header Files"
                   projectFiles="true">
    </logicalFolder>
    <logicalFolder name="ResourceFiles"
                   displayName="Resource Files"
                   projectFiles="true">
    </logicalFolder>
    <logicalFolder name="SourceFiles"
                   displayName="Source Files"
                   projectFiles="true">
      <itemPath>Question1_part_a.c</itemPath>
      <itemPath>Question1_part_b.cpp</itemPath>
      <itemPath>Question2_part_a.cpp</itemPath>
      <itemPath>Question2_part_b.cpp</itemPath>
      <itemPath>Question3_part_a.cpp</itemPath>
      <itemPath>Question3_part_bonus.cpp</itemPath>
      <itemPath>main.cpp</itemPath>
    </logicalFolder>
    <logicalFolder name="TestFiles"
                   displayName="Test Files"
                   projectFiles="false"
                   kind="TEST_LOGICAL_FOLDER">
    </logicalFolder>
    <logicalFolder name="ExternalFiles"
                   displayName="Important Files"
                   projectFiles="false"
                   kind="IMPORTANT_FILES_FOLDER">
      <itemPath>Makefile</itemPath>
    </logicalFolder>
  </logicalFolder>
  <projectmakefile>Makefile</projectmakefile>
  <confs>
    <conf name="Debug" type="1">
      <toolsSet>
        <compilerSet>default</compilerSet>
        <dependencyChecking>true</dependencyChecking>
        <rebuildPropChanged>false</rebuildPropChanged>
      </toolsSet>
      <compileType>
        <ccTool>
          <standard>11</standard>
          <commandLine>-fsanitize=address -DGNUCXX_DEBUG</commandLine>
          <warningLevel>2</warningLevel>
        </ccTool>
        <linkerTool>
          <output>CSE278_Lab2</output>
          <commandLine>-lboost_system -lpthread -lmysqlpp</commandLine>
        </linkerTool>
      </compileType>
      <item path="Question1_part_a.c" ex="false" tool="0" flavor2="0">
      </item>
      <item path="Question1_part_b.cpp" ex="false" tool="1" flavor2="0">
      </item>
      <item path="Question2_part_a.cpp" ex="false" tool="1" flavor2="0">
      </item>
      <item path="Question2_part_b.cpp" ex="false" tool="1" flavor2="0">
      </item>
      <item path="Question3_part_a.cpp" ex="false" tool="1" flavor2="0">
      </item>
      <item path="Question3_part_bonus.cpp" ex="false" tool="1" flavor2="0">
      </item>
      <item path="main.cpp" ex="false" tool="1" flavor2="0">
      </item>
    </conf>
    <conf name="Release" type="1">
      <toolsSet>
        <compilerSet>default</compilerSet>
        <dependencyChecking>true</dependencyChecking>
        <rebuildPropChanged>false</rebuildPropChanged>
      </toolsSet>
      <compileType>
        <cTool>
          <developmentMode>5</developmentMode>
        </cTool>
        <ccTool>
          <developmentMode>5</developmentMode>
          <standard>11</standard>
          <warningLevel>2</warningLevel>
        </ccTool>
        <fortranCompilerTool>
          <developmentMode>5</developmentMode>
        </fortranCompilerTool>
        <asmTool>
          <developmentMode>5</developmentMode>
        </asmTool>
        <linkerTool>
          <output>CSE278_Lab2_opt</output>
          <commandLine>-lboost_system -lpthread -lmysqlpp</commandLine>
        </linkerTool>
      </compileType>
      <item path="Question1_part_a.c" ex="false" tool="0" flavor2="0">
      </item>
      <item path="Question1_part_b.cpp" ex="false" tool="1" flavor2="0">
      </item>
      <item path="Question2_part_a.cpp" ex="false" tool="1" flavor2="0">
      </item>
      <item path="Question2_part_b.cpp" ex="false" tool="1" flavor2="0">
      </item>
      <item path="Question3_part_a.cpp" ex="false" tool="1" flavor2="0">
      </item>
      <item path="Question3_part_bonus.cpp" ex="false" tool="1" flavor2="0">
      </item>
      <item path="main.cpp" ex="false" tool="1" flavor2="0">
      </item>
    </conf>
  </confs>
</configurationDescriptor>
