<?xml version="1.0" encoding="UTF-8"?>
<project-private xmlns="http://www.netbeans.org/ns/project-private/1">
    <data xmlns="http://www.netbeans.org/ns/make-project-private/1">
        <activeConfTypeElem>1</activeConfTypeElem>
        <activeConfIndexElem>0</activeConfIndexElem>
    </data>
    <editor-bookmarks xmlns="http://www.netbeans.org/ns/editor-bookmarks/2" lastBookmarkId="0"/>
    <open-files xmlns="http://www.netbeans.org/ns/projectui-open-files/2">
        <group>
            <file>file:/home/cse278/NetBeansProjects/CSE278_Lab2/Question1_part_b.cpp</file>
            <file>file:/home/cse278/NetBeansProjects/CSE278_Lab2/Question2_part_b.cpp</file>
            <file>file:/home/cse278/NetBeansProjects/CSE278_Lab2/Makefile</file>
            <file>file:/home/cse278/NetBeansProjects/CSE278_Lab2/Question3_part_bonus.cpp</file>
            <file>file:/home/cse278/NetBeansProjects/CSE278_Lab2/Question1_part_a.c</file>
            <file>file:/home/cse278/NetBeansProjects/CSE278_Lab2/main.cpp</file>
            <file>file:/home/cse278/NetBeansProjects/CSE278_Lab2/Question3_part_a.cpp</file>
            <file>file:/home/cse278/NetBeansProjects/CSE278_Lab2/Question2_part_a.cpp</file>
        </group>
    </open-files>
</project-private>
